Experian Information Solutions Inc.,NJ,1509954,8872,Web
AES/PHEAA,MA,3475943,019XX,Web
"EQUIFAX, INC.",NY,3136759,10801,Web
WELLS FARGO & COMPANY,CA,1527601,94526,Web
DISCOVER BANK,NV,1816726,891XX,Web
"BANK OF AMERICA, NATIONAL ASSOCIATION",PA,358304,175XX,Referral
"BANK OF AMERICA, NATIONAL ASSOCIATION",MD,7362,210XX,Web
SYNCHRONY FINANCIAL,CA,3054861,92595,Web
"TRANSUNION INTERMEDIATE HOLDINGS, INC.",VA,2831821,245XX,Web
"Cascade Capital, LLC",FL,3114357,334XX,Web
CAPITAL ONE FINANCIAL CORPORATION,MD,3108212,212XX,Web
BANCO POPULAR DE PUERTO RICO,PR,2107177,7355,Phone
TD BANK US HOLDING COMPANY,NJ,2874325,8355,Web
"CITIBANK, N.A.",FL,881918,32771,Web
"CARRINGTON MORTGAGE SERVICES, LLC",ND,2189912,585XX,Web
Experian Information Solutions Inc.,GA,2266132,31069,Web
"WINN LAW GROUP, APC",CA,2414789,90266,Web
"TRANSUNION INTERMEDIATE HOLDINGS, INC.",NC,2559021,28560,Web
Experian Information Solutions Inc.,IL,3119951,604XX,Web